,alter_j,alter_k,relationship
0,0,1,Sí
1,0,2,Sí
2,0,3,No
3,0,4,Quizás
4,0,5,No
5,0,6,No
6,0,7,No
7,0,8,Quizás
8,0,9,Quizás
9,0,10,Quizás
10,0,11,Sí
11,0,12,Quizás
12,0,13,Quizás
13,0,14,Quizás
14,0,15,Quizás
15,0,16,No
16,0,17,No
17,0,18,No
18,0,19,No
19,0,20,
20,0,21,
21,0,22,
22,0,23,
23,0,24,
24,0,25,
25,0,26,
26,0,27,
27,0,28,
28,0,29,
29,0,30,
30,0,31,
31,0,32,
32,0,33,
33,0,34,
34,0,35,
35,0,36,
36,0,37,
37,0,38,
38,0,39,
39,0,40,
40,0,41,
41,0,42,
42,0,43,
43,0,44,
44,1,2,Sí
45,1,3,No
46,1,4,Sí
47,1,5,Quizás
48,1,6,No
49,1,7,No
50,1,8,Quizás
51,1,9,Sí
52,1,10,Quizás
53,1,11,Sí
54,1,12,Quizás
55,1,13,Quizás
56,1,14,Quizás
57,1,15,Quizás
58,1,16,No
59,1,17,No
60,1,18,Quizás
61,1,19,No
62,1,20,
63,1,21,
64,1,22,
65,1,23,
66,1,24,
67,1,25,
68,1,26,
69,1,27,
70,1,28,
71,1,29,
72,1,30,
73,1,31,
74,1,32,
75,1,33,
76,1,34,
77,1,35,
78,1,36,
79,1,37,
80,1,38,
81,1,39,
82,1,40,
83,1,41,
84,1,42,
85,1,43,
86,1,44,
87,1,0,
88,2,3,No
89,2,4,Quizás
90,2,5,No
91,2,6,No
92,2,7,No
93,2,8,Quizás
94,2,9,Quizás
95,2,10,Quizás
96,2,11,Sí
97,2,12,Quizás
98,2,13,Quizás
99,2,14,Quizás
100,2,15,No
101,2,16,No
102,2,17,No
103,2,18,No
104,2,19,No
105,2,20,
106,2,21,
107,2,22,
108,2,23,
109,2,24,
110,2,25,
111,2,26,
112,2,27,
113,2,28,
114,2,29,
115,2,30,
116,2,31,
117,2,32,
118,2,33,
119,2,34,
120,2,35,
121,2,36,
122,2,37,
123,2,38,
124,2,39,
125,2,40,
126,2,41,
127,2,42,
128,2,43,
129,2,44,
130,2,0,
131,2,1,
132,3,4,Quizás
133,3,5,No
134,3,6,Sí
135,3,7,No
136,3,8,No
137,3,9,No
138,3,10,No
139,3,11,No
140,3,12,No
141,3,13,No
142,3,14,No
143,3,15,No
144,3,16,No
145,3,17,No
146,3,18,No
147,3,19,No
148,3,20,
149,3,21,
150,3,22,
151,3,23,
152,3,24,
153,3,25,
154,3,26,
155,3,27,
156,3,28,
157,3,29,
158,3,30,
159,3,31,
160,3,32,
161,3,33,
162,3,34,
163,3,35,
164,3,36,
165,3,37,
166,3,38,
167,3,39,
168,3,40,
169,3,41,
170,3,42,
171,3,43,
172,3,44,
173,3,0,
174,3,1,
175,3,2,
176,4,5,Quizás
177,4,6,No
178,4,7,No
179,4,8,Quizás
180,4,9,Sí
181,4,10,Quizás
182,4,11,Quizás
183,4,12,No
184,4,13,Quizás
185,4,14,No
186,4,15,No
187,4,16,No
188,4,17,No
189,4,18,No
190,4,19,No
191,4,20,
192,4,21,
193,4,22,
194,4,23,
195,4,24,
196,4,25,
197,4,26,
198,4,27,
199,4,28,
200,4,29,
201,4,30,
202,4,31,
203,4,32,
204,4,33,
205,4,34,
206,4,35,
207,4,36,
208,4,37,
209,4,38,
210,4,39,
211,4,40,
212,4,41,
213,4,42,
214,4,43,
215,4,44,
216,4,0,
217,4,1,
218,4,2,
219,4,3,
220,5,6,No
221,5,7,No
222,5,8,Quizás
223,5,9,No
224,5,10,Quizás
225,5,11,No
226,5,12,No
227,5,13,Quizás
228,5,14,No
229,5,15,No
230,5,16,No
231,5,17,No
232,5,18,No
233,5,19,No
234,5,20,
235,5,21,
236,5,22,
237,5,23,
238,5,24,
239,5,25,
240,5,26,
241,5,27,
242,5,28,
243,5,29,
244,5,30,
245,5,31,
246,5,32,
247,5,33,
248,5,34,
249,5,35,
250,5,36,
251,5,37,
252,5,38,
253,5,39,
254,5,40,
255,5,41,
256,5,42,
257,5,43,
258,5,44,
259,5,0,
260,5,1,
261,5,2,
262,5,3,
263,5,4,
264,6,7,No
265,6,8,No
266,6,9,No
267,6,10,No
268,6,11,No
269,6,12,No
270,6,13,No
271,6,14,No
272,6,15,No
273,6,16,No
274,6,17,No
275,6,18,No
276,6,19,No
277,6,20,
278,6,21,
279,6,22,
280,6,23,
281,6,24,
282,6,25,
283,6,26,
284,6,27,
285,6,28,
286,6,29,
287,6,30,
288,6,31,
289,6,32,
290,6,33,
291,6,34,
292,6,35,
293,6,36,
294,6,37,
295,6,38,
296,6,39,
297,6,40,
298,6,41,
299,6,42,
300,6,43,
301,6,44,
302,6,0,
303,6,1,
304,6,2,
305,6,3,
306,6,4,
307,6,5,
308,7,8,No
309,7,9,No
310,7,10,No
311,7,11,No
312,7,12,No
313,7,13,No
314,7,14,No
315,7,15,No
316,7,16,No
317,7,17,No
318,7,18,No
319,7,19,No
320,7,20,
321,7,21,
322,7,22,
323,7,23,
324,7,24,
325,7,25,
326,7,26,
327,7,27,
328,7,28,
329,7,29,
330,7,30,
331,7,31,
332,7,32,
333,7,33,
334,7,34,
335,7,35,
336,7,36,
337,7,37,
338,7,38,
339,7,39,
340,7,40,
341,7,41,
342,7,42,
343,7,43,
344,7,44,
345,7,0,
346,7,1,
347,7,2,
348,7,3,
349,7,4,
350,7,5,
351,7,6,
352,8,9,Sí
353,8,10,Quizás
354,8,11,Quizás
355,8,12,No
356,8,13,Quizás
357,8,14,No
358,8,15,No
359,8,16,No
360,8,17,Quizás
361,8,18,No
362,8,19,No
363,8,20,
364,8,21,
365,8,22,
366,8,23,
367,8,24,
368,8,25,
369,8,26,
370,8,27,
371,8,28,
372,8,29,
373,8,30,
374,8,31,
375,8,32,
376,8,33,
377,8,34,
378,8,35,
379,8,36,
380,8,37,
381,8,38,
382,8,39,
383,8,40,
384,8,41,
385,8,42,
386,8,43,
387,8,44,
388,8,0,
389,8,1,
390,8,2,
391,8,3,
392,8,4,
393,8,5,
394,8,6,
395,8,7,
396,9,10,Quizás
397,9,11,Quizás
398,9,12,No
399,9,13,No
400,9,14,No
401,9,15,Quizás
402,9,16,No
403,9,17,Quizás
404,9,18,Quizás
405,9,19,No
406,9,20,
407,9,21,
408,9,22,
409,9,23,
410,9,24,
411,9,25,
412,9,26,
413,9,27,
414,9,28,
415,9,29,
416,9,30,
417,9,31,
418,9,32,
419,9,33,
420,9,34,
421,9,35,
422,9,36,
423,9,37,
424,9,38,
425,9,39,
426,9,40,
427,9,41,
428,9,42,
429,9,43,
430,9,44,
431,9,0,
432,9,1,
433,9,2,
434,9,3,
435,9,4,
436,9,5,
437,9,6,
438,9,7,
439,9,8,
440,10,11,Quizás
441,10,12,Sí
442,10,13,Sí
443,10,14,Sí
444,10,15,Quizás
445,10,16,No
446,10,17,No
447,10,18,No
448,10,19,No
449,10,20,
450,10,21,
451,10,22,
452,10,23,
453,10,24,
454,10,25,
455,10,26,
456,10,27,
457,10,28,
458,10,29,
459,10,30,
460,10,31,
461,10,32,
462,10,33,
463,10,34,
464,10,35,
465,10,36,
466,10,37,
467,10,38,
468,10,39,
469,10,40,
470,10,41,
471,10,42,
472,10,43,
473,10,44,
474,10,0,
475,10,1,
476,10,2,
477,10,3,
478,10,4,
479,10,5,
480,10,6,
481,10,7,
482,10,8,
483,10,9,
484,11,12,No
485,11,13,Quizás
486,11,14,Quizás
487,11,15,No
488,11,16,No
489,11,17,No
490,11,18,No
491,11,19,No
492,11,20,
493,11,21,
494,11,22,
495,11,23,
496,11,24,
497,11,25,
498,11,26,
499,11,27,
500,11,28,
501,11,29,
502,11,30,
503,11,31,
504,11,32,
505,11,33,
506,11,34,
507,11,35,
508,11,36,
509,11,37,
510,11,38,
511,11,39,
512,11,40,
513,11,41,
514,11,42,
515,11,43,
516,11,44,
517,11,0,
518,11,1,
519,11,2,
520,11,3,
521,11,4,
522,11,5,
523,11,6,
524,11,7,
525,11,8,
526,11,9,
527,11,10,
528,12,13,Sí
529,12,14,Sí
530,12,15,Quizás
531,12,16,No
532,12,17,No
533,12,18,No
534,12,19,No
535,12,20,
536,12,21,
537,12,22,
538,12,23,
539,12,24,
540,12,25,
541,12,26,
542,12,27,
543,12,28,
544,12,29,
545,12,30,
546,12,31,
547,12,32,
548,12,33,
549,12,34,
550,12,35,
551,12,36,
552,12,37,
553,12,38,
554,12,39,
555,12,40,
556,12,41,
557,12,42,
558,12,43,
559,12,44,
560,12,0,
561,12,1,
562,12,2,
563,12,3,
564,12,4,
565,12,5,
566,12,6,
567,12,7,
568,12,8,
569,12,9,
570,12,10,
571,12,11,
572,13,14,Sí
573,13,15,Quizás
574,13,16,No
575,13,17,No
576,13,18,No
577,13,19,No
578,13,20,
579,13,21,
580,13,22,
581,13,23,
582,13,24,
583,13,25,
584,13,26,
585,13,27,
586,13,28,
587,13,29,
588,13,30,
589,13,31,
590,13,32,
591,13,33,
592,13,34,
593,13,35,
594,13,36,
595,13,37,
596,13,38,
597,13,39,
598,13,40,
599,13,41,
600,13,42,
601,13,43,
602,13,44,
603,13,0,
604,13,1,
605,13,2,
606,13,3,
607,13,4,
608,13,5,
609,13,6,
610,13,7,
611,13,8,
612,13,9,
613,13,10,
614,13,11,
615,13,12,
616,14,15,Quizás
617,14,16,No
618,14,17,No
619,14,18,No
620,14,19,No
621,14,20,
622,14,21,
623,14,22,
624,14,23,
625,14,24,
626,14,25,
627,14,26,
628,14,27,
629,14,28,
630,14,29,
631,14,30,
632,14,31,
633,14,32,
634,14,33,
635,14,34,
636,14,35,
637,14,36,
638,14,37,
639,14,38,
640,14,39,
641,14,40,
642,14,41,
643,14,42,
644,14,43,
645,14,44,
646,14,0,
647,14,1,
648,14,2,
649,14,3,
650,14,4,
651,14,5,
652,14,6,
653,14,7,
654,14,8,
655,14,9,
656,14,10,
657,14,11,
658,14,12,
659,14,13,
660,15,16,Sí
661,15,17,Sí
662,15,18,Sí
663,15,19,Sí
664,15,20,
665,15,21,
666,15,22,
667,15,23,
668,15,24,
669,15,25,
670,15,26,
671,15,27,
672,15,28,
673,15,29,
674,15,30,
675,15,31,
676,15,32,
677,15,33,
678,15,34,
679,15,35,
680,15,36,
681,15,37,
682,15,38,
683,15,39,
684,15,40,
685,15,41,
686,15,42,
687,15,43,
688,15,44,
689,15,0,
690,15,1,
691,15,2,
692,15,3,
693,15,4,
694,15,5,
695,15,6,
696,15,7,
697,15,8,
698,15,9,
699,15,10,
700,15,11,
701,15,12,
702,15,13,
703,15,14,
704,16,17,Sí
705,16,18,Sí
706,16,19,Sí
707,16,20,
708,16,21,
709,16,22,
710,16,23,
711,16,24,
712,16,25,
713,16,26,
714,16,27,
715,16,28,
716,16,29,
717,16,30,
718,16,31,
719,16,32,
720,16,33,
721,16,34,
722,16,35,
723,16,36,
724,16,37,
725,16,38,
726,16,39,
727,16,40,
728,16,41,
729,16,42,
730,16,43,
731,16,44,
732,16,0,
733,16,1,
734,16,2,
735,16,3,
736,16,4,
737,16,5,
738,16,6,
739,16,7,
740,16,8,
741,16,9,
742,16,10,
743,16,11,
744,16,12,
745,16,13,
746,16,14,
747,16,15,
748,17,18,Sí
749,17,19,Sí
750,17,20,
751,17,21,
752,17,22,
753,17,23,
754,17,24,
755,17,25,
756,17,26,
757,17,27,
758,17,28,
759,17,29,
760,17,30,
761,17,31,
762,17,32,
763,17,33,
764,17,34,
765,17,35,
766,17,36,
767,17,37,
768,17,38,
769,17,39,
770,17,40,
771,17,41,
772,17,42,
773,17,43,
774,17,44,
775,17,0,
776,17,1,
777,17,2,
778,17,3,
779,17,4,
780,17,5,
781,17,6,
782,17,7,
783,17,8,
784,17,9,
785,17,10,
786,17,11,
787,17,12,
788,17,13,
789,17,14,
790,17,15,
791,17,16,
792,18,19,Sí
793,18,20,
794,18,21,
795,18,22,
796,18,23,
797,18,24,
798,18,25,
799,18,26,
800,18,27,
801,18,28,
802,18,29,
803,18,30,
804,18,31,
805,18,32,
806,18,33,
807,18,34,
808,18,35,
809,18,36,
810,18,37,
811,18,38,
812,18,39,
813,18,40,
814,18,41,
815,18,42,
816,18,43,
817,18,44,
818,18,0,
819,18,1,
820,18,2,
821,18,3,
822,18,4,
823,18,5,
824,18,6,
825,18,7,
826,18,8,
827,18,9,
828,18,10,
829,18,11,
830,18,12,
831,18,13,
832,18,14,
833,18,15,
834,18,16,
835,18,17,
836,19,20,
837,19,21,
838,19,22,
839,19,23,
840,19,24,
841,19,25,
842,19,26,
843,19,27,
844,19,28,
845,19,29,
846,19,30,
847,19,31,
848,19,32,
849,19,33,
850,19,34,
851,19,35,
852,19,36,
853,19,37,
854,19,38,
855,19,39,
856,19,40,
857,19,41,
858,19,42,
859,19,43,
860,19,44,
861,19,0,
862,19,1,
863,19,2,
864,19,3,
865,19,4,
866,19,5,
867,19,6,
868,19,7,
869,19,8,
870,19,9,
871,19,10,
872,19,11,
873,19,12,
874,19,13,
875,19,14,
876,19,15,
877,19,16,
878,19,17,
879,19,18,
880,20,21,
881,20,22,
882,20,23,
883,20,24,
884,20,25,
885,20,26,
886,20,27,
887,20,28,
888,20,29,
889,20,30,
890,20,31,
891,20,32,
892,20,33,
893,20,34,
894,20,35,
895,20,36,
896,20,37,
897,20,38,
898,20,39,
899,20,40,
900,20,41,
901,20,42,
902,20,43,
903,20,44,
904,20,0,
905,20,1,
906,20,2,
907,20,3,
908,20,4,
909,20,5,
910,20,6,
911,20,7,
912,20,8,
913,20,9,
914,20,10,
915,20,11,
916,20,12,
917,20,13,
918,20,14,
919,20,15,
920,20,16,
921,20,17,
922,20,18,
923,20,19,
924,21,22,
925,21,23,
926,21,24,
927,21,25,
928,21,26,
929,21,27,
930,21,28,
931,21,29,
932,21,30,
933,21,31,
934,21,32,
935,21,33,
936,21,34,
937,21,35,
938,21,36,
939,21,37,
940,21,38,
941,21,39,
942,21,40,
943,21,41,
944,21,42,
945,21,43,
946,21,44,
947,21,0,
948,21,1,
949,21,2,
950,21,3,
951,21,4,
952,21,5,
953,21,6,
954,21,7,
955,21,8,
956,21,9,
957,21,10,
958,21,11,
959,21,12,
960,21,13,
961,21,14,
962,21,15,
963,21,16,
964,21,17,
965,21,18,
966,21,19,
967,21,20,
968,22,23,
969,22,24,
970,22,25,
971,22,26,
972,22,27,
973,22,28,
974,22,29,
975,22,30,
976,22,31,
977,22,32,
978,22,33,
979,22,34,
980,22,35,
981,22,36,
982,22,37,
983,22,38,
984,22,39,
985,22,40,
986,22,41,
987,22,42,
988,22,43,
989,22,44,
990,22,0,
991,22,1,
992,22,2,
993,22,3,
994,22,4,
995,22,5,
996,22,6,
997,22,7,
998,22,8,
999,22,9,
1000,22,10,
1001,22,11,
1002,22,12,
1003,22,13,
1004,22,14,
1005,22,15,
1006,22,16,
1007,22,17,
1008,22,18,
1009,22,19,
1010,22,20,
1011,22,21,
1012,23,24,
1013,23,25,
1014,23,26,
1015,23,27,
1016,23,28,
1017,23,29,
1018,23,30,
1019,23,31,
1020,23,32,
1021,23,33,
1022,23,34,
1023,23,35,
1024,23,36,
1025,23,37,
1026,23,38,
1027,23,39,
1028,23,40,
1029,23,41,
1030,23,42,
1031,23,43,
1032,23,44,
1033,23,0,
1034,23,1,
1035,23,2,
1036,23,3,
1037,23,4,
1038,23,5,
1039,23,6,
1040,23,7,
1041,23,8,
1042,23,9,
1043,23,10,
1044,23,11,
1045,23,12,
1046,23,13,
1047,23,14,
1048,23,15,
1049,23,16,
1050,23,17,
1051,23,18,
1052,23,19,
1053,23,20,
1054,23,21,
1055,23,22,
1056,24,25,
1057,24,26,
1058,24,27,
1059,24,28,
1060,24,29,
1061,24,30,
1062,24,31,
1063,24,32,
1064,24,33,
1065,24,34,
1066,24,35,
1067,24,36,
1068,24,37,
1069,24,38,
1070,24,39,
1071,24,40,
1072,24,41,
1073,24,42,
1074,24,43,
1075,24,44,
1076,24,0,
1077,24,1,
1078,24,2,
1079,24,3,
1080,24,4,
1081,24,5,
1082,24,6,
1083,24,7,
1084,24,8,
1085,24,9,
1086,24,10,
1087,24,11,
1088,24,12,
1089,24,13,
1090,24,14,
1091,24,15,
1092,24,16,
1093,24,17,
1094,24,18,
1095,24,19,
1096,24,20,
1097,24,21,
1098,24,22,
1099,24,23,
1100,25,26,
1101,25,27,
1102,25,28,
1103,25,29,
1104,25,30,
1105,25,31,
1106,25,32,
1107,25,33,
1108,25,34,
1109,25,35,
1110,25,36,
1111,25,37,
1112,25,38,
1113,25,39,
1114,25,40,
1115,25,41,
1116,25,42,
1117,25,43,
1118,25,44,
1119,25,0,
1120,25,1,
1121,25,2,
1122,25,3,
1123,25,4,
1124,25,5,
1125,25,6,
1126,25,7,
1127,25,8,
1128,25,9,
1129,25,10,
1130,25,11,
1131,25,12,
1132,25,13,
1133,25,14,
1134,25,15,
1135,25,16,
1136,25,17,
1137,25,18,
1138,25,19,
1139,25,20,
1140,25,21,
1141,25,22,
1142,25,23,
1143,25,24,
1144,26,27,
1145,26,28,
1146,26,29,
1147,26,30,
1148,26,31,
1149,26,32,
1150,26,33,
1151,26,34,
1152,26,35,
1153,26,36,
1154,26,37,
1155,26,38,
1156,26,39,
1157,26,40,
1158,26,41,
1159,26,42,
1160,26,43,
1161,26,44,
1162,26,0,
1163,26,1,
1164,26,2,
1165,26,3,
1166,26,4,
1167,26,5,
1168,26,6,
1169,26,7,
1170,26,8,
1171,26,9,
1172,26,10,
1173,26,11,
1174,26,12,
1175,26,13,
1176,26,14,
1177,26,15,
1178,26,16,
1179,26,17,
1180,26,18,
1181,26,19,
1182,26,20,
1183,26,21,
1184,26,22,
1185,26,23,
1186,26,24,
1187,26,25,
1188,27,28,
1189,27,29,
1190,27,30,
1191,27,31,
1192,27,32,
1193,27,33,
1194,27,34,
1195,27,35,
1196,27,36,
1197,27,37,
1198,27,38,
1199,27,39,
1200,27,40,
1201,27,41,
1202,27,42,
1203,27,43,
1204,27,44,
1205,27,0,
1206,27,1,
1207,27,2,
1208,27,3,
1209,27,4,
1210,27,5,
1211,27,6,
1212,27,7,
1213,27,8,
1214,27,9,
1215,27,10,
1216,27,11,
1217,27,12,
1218,27,13,
1219,27,14,
1220,27,15,
1221,27,16,
1222,27,17,
1223,27,18,
1224,27,19,
1225,27,20,
1226,27,21,
1227,27,22,
1228,27,23,
1229,27,24,
1230,27,25,
1231,27,26,
1232,28,29,
1233,28,30,
1234,28,31,
1235,28,32,
1236,28,33,
1237,28,34,
1238,28,35,
1239,28,36,
1240,28,37,
1241,28,38,
1242,28,39,
1243,28,40,
1244,28,41,
1245,28,42,
1246,28,43,
1247,28,44,
1248,28,0,
1249,28,1,
1250,28,2,
1251,28,3,
1252,28,4,
1253,28,5,
1254,28,6,
1255,28,7,
1256,28,8,
1257,28,9,
1258,28,10,
1259,28,11,
1260,28,12,
1261,28,13,
1262,28,14,
1263,28,15,
1264,28,16,
1265,28,17,
1266,28,18,
1267,28,19,
1268,28,20,
1269,28,21,
1270,28,22,
1271,28,23,
1272,28,24,
1273,28,25,
1274,28,26,
1275,28,27,
1276,29,30,
1277,29,31,
1278,29,32,
1279,29,33,
1280,29,34,
1281,29,35,
1282,29,36,
1283,29,37,
1284,29,38,
1285,29,39,
1286,29,40,
1287,29,41,
1288,29,42,
1289,29,43,
1290,29,44,
1291,29,0,
1292,29,1,
1293,29,2,
1294,29,3,
1295,29,4,
1296,29,5,
1297,29,6,
1298,29,7,
1299,29,8,
1300,29,9,
1301,29,10,
1302,29,11,
1303,29,12,
1304,29,13,
1305,29,14,
1306,29,15,
1307,29,16,
1308,29,17,
1309,29,18,
1310,29,19,
1311,29,20,
1312,29,21,
1313,29,22,
1314,29,23,
1315,29,24,
1316,29,25,
1317,29,26,
1318,29,27,
1319,29,28,
1320,30,31,
1321,30,32,
1322,30,33,
1323,30,34,
1324,30,35,
1325,30,36,
1326,30,37,
1327,30,38,
1328,30,39,
1329,30,40,
1330,30,41,
1331,30,42,
1332,30,43,
1333,30,44,
1334,30,0,
1335,30,1,
1336,30,2,
1337,30,3,
1338,30,4,
1339,30,5,
1340,30,6,
1341,30,7,
1342,30,8,
1343,30,9,
1344,30,10,
1345,30,11,
1346,30,12,
1347,30,13,
1348,30,14,
1349,30,15,
1350,30,16,
1351,30,17,
1352,30,18,
1353,30,19,
1354,30,20,
1355,30,21,
1356,30,22,
1357,30,23,
1358,30,24,
1359,30,25,
1360,30,26,
1361,30,27,
1362,30,28,
1363,30,29,
1364,31,32,
1365,31,33,
1366,31,34,
1367,31,35,
1368,31,36,
1369,31,37,
1370,31,38,
1371,31,39,
1372,31,40,
1373,31,41,
1374,31,42,
1375,31,43,
1376,31,44,
1377,31,0,
1378,31,1,
1379,31,2,
1380,31,3,
1381,31,4,
1382,31,5,
1383,31,6,
1384,31,7,
1385,31,8,
1386,31,9,
1387,31,10,
1388,31,11,
1389,31,12,
1390,31,13,
1391,31,14,
1392,31,15,
1393,31,16,
1394,31,17,
1395,31,18,
1396,31,19,
1397,31,20,
1398,31,21,
1399,31,22,
1400,31,23,
1401,31,24,
1402,31,25,
1403,31,26,
1404,31,27,
1405,31,28,
1406,31,29,
1407,31,30,
1408,32,33,
1409,32,34,
1410,32,35,
1411,32,36,
1412,32,37,
1413,32,38,
1414,32,39,
1415,32,40,
1416,32,41,
1417,32,42,
1418,32,43,
1419,32,44,
1420,32,0,
1421,32,1,
1422,32,2,
1423,32,3,
1424,32,4,
1425,32,5,
1426,32,6,
1427,32,7,
1428,32,8,
1429,32,9,
1430,32,10,
1431,32,11,
1432,32,12,
1433,32,13,
1434,32,14,
1435,32,15,
1436,32,16,
1437,32,17,
1438,32,18,
1439,32,19,
1440,32,20,
1441,32,21,
1442,32,22,
1443,32,23,
1444,32,24,
1445,32,25,
1446,32,26,
1447,32,27,
1448,32,28,
1449,32,29,
1450,32,30,
1451,32,31,
1452,33,34,
1453,33,35,
1454,33,36,
1455,33,37,
1456,33,38,
1457,33,39,
1458,33,40,
1459,33,41,
1460,33,42,
1461,33,43,
1462,33,44,
1463,33,0,
1464,33,1,
1465,33,2,
1466,33,3,
1467,33,4,
1468,33,5,
1469,33,6,
1470,33,7,
1471,33,8,
1472,33,9,
1473,33,10,
1474,33,11,
1475,33,12,
1476,33,13,
1477,33,14,
1478,33,15,
1479,33,16,
1480,33,17,
1481,33,18,
1482,33,19,
1483,33,20,
1484,33,21,
1485,33,22,
1486,33,23,
1487,33,24,
1488,33,25,
1489,33,26,
1490,33,27,
1491,33,28,
1492,33,29,
1493,33,30,
1494,33,31,
1495,33,32,
1496,34,35,
1497,34,36,
1498,34,37,
1499,34,38,
1500,34,39,
1501,34,40,
1502,34,41,
1503,34,42,
1504,34,43,
1505,34,44,
1506,34,0,
1507,34,1,
1508,34,2,
1509,34,3,
1510,34,4,
1511,34,5,
1512,34,6,
1513,34,7,
1514,34,8,
1515,34,9,
1516,34,10,
1517,34,11,
1518,34,12,
1519,34,13,
1520,34,14,
1521,34,15,
1522,34,16,
1523,34,17,
1524,34,18,
1525,34,19,
1526,34,20,
1527,34,21,
1528,34,22,
1529,34,23,
1530,34,24,
1531,34,25,
1532,34,26,
1533,34,27,
1534,34,28,
1535,34,29,
1536,34,30,
1537,34,31,
1538,34,32,
1539,34,33,
1540,35,36,
1541,35,37,
1542,35,38,
1543,35,39,
1544,35,40,
1545,35,41,
1546,35,42,
1547,35,43,
1548,35,44,
1549,35,0,
1550,35,1,
1551,35,2,
1552,35,3,
1553,35,4,
1554,35,5,
1555,35,6,
1556,35,7,
1557,35,8,
1558,35,9,
1559,35,10,
1560,35,11,
1561,35,12,
1562,35,13,
1563,35,14,
1564,35,15,
1565,35,16,
1566,35,17,
1567,35,18,
1568,35,19,
1569,35,20,
1570,35,21,
1571,35,22,
1572,35,23,
1573,35,24,
1574,35,25,
1575,35,26,
1576,35,27,
1577,35,28,
1578,35,29,
1579,35,30,
1580,35,31,
1581,35,32,
1582,35,33,
1583,35,34,
1584,36,37,
1585,36,38,
1586,36,39,
1587,36,40,
1588,36,41,
1589,36,42,
1590,36,43,
1591,36,44,
1592,36,0,
1593,36,1,
1594,36,2,
1595,36,3,
1596,36,4,
1597,36,5,
1598,36,6,
1599,36,7,
1600,36,8,
1601,36,9,
1602,36,10,
1603,36,11,
1604,36,12,
1605,36,13,
1606,36,14,
1607,36,15,
1608,36,16,
1609,36,17,
1610,36,18,
1611,36,19,
1612,36,20,
1613,36,21,
1614,36,22,
1615,36,23,
1616,36,24,
1617,36,25,
1618,36,26,
1619,36,27,
1620,36,28,
1621,36,29,
1622,36,30,
1623,36,31,
1624,36,32,
1625,36,33,
1626,36,34,
1627,36,35,
1628,37,38,
1629,37,39,
1630,37,40,
1631,37,41,
1632,37,42,
1633,37,43,
1634,37,44,
1635,37,0,
1636,37,1,
1637,37,2,
1638,37,3,
1639,37,4,
1640,37,5,
1641,37,6,
1642,37,7,
1643,37,8,
1644,37,9,
1645,37,10,
1646,37,11,
1647,37,12,
1648,37,13,
1649,37,14,
1650,37,15,
1651,37,16,
1652,37,17,
1653,37,18,
1654,37,19,
1655,37,20,
1656,37,21,
1657,37,22,
1658,37,23,
1659,37,24,
1660,37,25,
1661,37,26,
1662,37,27,
1663,37,28,
1664,37,29,
1665,37,30,
1666,37,31,
1667,37,32,
1668,37,33,
1669,37,34,
1670,37,35,
1671,37,36,
1672,38,39,
1673,38,40,
1674,38,41,
1675,38,42,
1676,38,43,
1677,38,44,
1678,38,0,
1679,38,1,
1680,38,2,
1681,38,3,
1682,38,4,
1683,38,5,
1684,38,6,
1685,38,7,
1686,38,8,
1687,38,9,
1688,38,10,
1689,38,11,
1690,38,12,
1691,38,13,
1692,38,14,
1693,38,15,
1694,38,16,
1695,38,17,
1696,38,18,
1697,38,19,
1698,38,20,
1699,38,21,
1700,38,22,
1701,38,23,
1702,38,24,
1703,38,25,
1704,38,26,
1705,38,27,
1706,38,28,
1707,38,29,
1708,38,30,
1709,38,31,
1710,38,32,
1711,38,33,
1712,38,34,
1713,38,35,
1714,38,36,
1715,38,37,
1716,39,40,
1717,39,41,
1718,39,42,
1719,39,43,
1720,39,44,
1721,39,0,
1722,39,1,
1723,39,2,
1724,39,3,
1725,39,4,
1726,39,5,
1727,39,6,
1728,39,7,
1729,39,8,
1730,39,9,
1731,39,10,
1732,39,11,
1733,39,12,
1734,39,13,
1735,39,14,
1736,39,15,
1737,39,16,
1738,39,17,
1739,39,18,
1740,39,19,
1741,39,20,
1742,39,21,
1743,39,22,
1744,39,23,
1745,39,24,
1746,39,25,
1747,39,26,
1748,39,27,
1749,39,28,
1750,39,29,
1751,39,30,
1752,39,31,
1753,39,32,
1754,39,33,
1755,39,34,
1756,39,35,
1757,39,36,
1758,39,37,
1759,39,38,
1760,40,41,
1761,40,42,
1762,40,43,
1763,40,44,
1764,40,0,
1765,40,1,
1766,40,2,
1767,40,3,
1768,40,4,
1769,40,5,
1770,40,6,
1771,40,7,
1772,40,8,
1773,40,9,
1774,40,10,
1775,40,11,
1776,40,12,
1777,40,13,
1778,40,14,
1779,40,15,
1780,40,16,
1781,40,17,
1782,40,18,
1783,40,19,
1784,40,20,
1785,40,21,
1786,40,22,
1787,40,23,
1788,40,24,
1789,40,25,
1790,40,26,
1791,40,27,
1792,40,28,
1793,40,29,
1794,40,30,
1795,40,31,
1796,40,32,
1797,40,33,
1798,40,34,
1799,40,35,
1800,40,36,
1801,40,37,
1802,40,38,
1803,40,39,
1804,41,42,
1805,41,43,
1806,41,44,
1807,41,0,
1808,41,1,
1809,41,2,
1810,41,3,
1811,41,4,
1812,41,5,
1813,41,6,
1814,41,7,
1815,41,8,
1816,41,9,
1817,41,10,
1818,41,11,
1819,41,12,
1820,41,13,
1821,41,14,
1822,41,15,
1823,41,16,
1824,41,17,
1825,41,18,
1826,41,19,
1827,41,20,
1828,41,21,
1829,41,22,
1830,41,23,
1831,41,24,
1832,41,25,
1833,41,26,
1834,41,27,
1835,41,28,
1836,41,29,
1837,41,30,
1838,41,31,
1839,41,32,
1840,41,33,
1841,41,34,
1842,41,35,
1843,41,36,
1844,41,37,
1845,41,38,
1846,41,39,
1847,41,40,
1848,42,43,
1849,42,44,
1850,42,0,
1851,42,1,
1852,42,2,
1853,42,3,
1854,42,4,
1855,42,5,
1856,42,6,
1857,42,7,
1858,42,8,
1859,42,9,
1860,42,10,
1861,42,11,
1862,42,12,
1863,42,13,
1864,42,14,
1865,42,15,
1866,42,16,
1867,42,17,
1868,42,18,
1869,42,19,
1870,42,20,
1871,42,21,
1872,42,22,
1873,42,23,
1874,42,24,
1875,42,25,
1876,42,26,
1877,42,27,
1878,42,28,
1879,42,29,
1880,42,30,
1881,42,31,
1882,42,32,
1883,42,33,
1884,42,34,
1885,42,35,
1886,42,36,
1887,42,37,
1888,42,38,
1889,42,39,
1890,42,40,
1891,42,41,
1892,43,44,
1893,43,0,
1894,43,1,
1895,43,2,
1896,43,3,
1897,43,4,
1898,43,5,
1899,43,6,
1900,43,7,
1901,43,8,
1902,43,9,
1903,43,10,
1904,43,11,
1905,43,12,
1906,43,13,
1907,43,14,
1908,43,15,
1909,43,16,
1910,43,17,
1911,43,18,
1912,43,19,
1913,43,20,
1914,43,21,
1915,43,22,
1916,43,23,
1917,43,24,
1918,43,25,
1919,43,26,
1920,43,27,
1921,43,28,
1922,43,29,
1923,43,30,
1924,43,31,
1925,43,32,
1926,43,33,
1927,43,34,
1928,43,35,
1929,43,36,
1930,43,37,
1931,43,38,
1932,43,39,
1933,43,40,
1934,43,41,
1935,43,42,
1936,44,45,
1937,44,0,
1938,44,1,
1939,44,2,
1940,44,3,
1941,44,4,
1942,44,5,
1943,44,6,
1944,44,7,
1945,44,8,
1946,44,9,
1947,44,10,
1948,44,11,
1949,44,12,
1950,44,13,
1951,44,14,
1952,44,15,
1953,44,16,
1954,44,17,
1955,44,18,
1956,44,19,
1957,44,20,
1958,44,21,
1959,44,22,
1960,44,23,
1961,44,24,
1962,44,25,
1963,44,26,
1964,44,27,
1965,44,28,
1966,44,29,
1967,44,30,
1968,44,31,
1969,44,32,
1970,44,33,
1971,44,34,
1972,44,35,
1973,44,36,
1974,44,37,
1975,44,38,
1976,44,39,
1977,44,40,
1978,44,41,
1979,44,42,
